{
  "generic": {
    "device_name": "URC5706_NEC",
    "protocol_id": 1,
    "protocol_name": "NEC",
    "cmd_len": 32
  },
  "keys": {
    "key_set": [
      "POWER",
      "SOURCE",
      "HDMI",
      "ONE",
      "TWO",
      "THREE",
      "FOUR",
      "FIVE",
      "SIX",
      "SEVEN",
      "EIGHT",
      "NINE",
      "ZERO",
      "A",
      "B",
      "C",
      "D",
      "CH_LIST",
      "GUIDE",
      "TOOLS",
      "INFO",
      "OPTIONS",
      "MENU",
      "UP",
      "LEFT",
      "RIGHT",
      "DOWN",
      "RETURN",
      "EXIT",
      "TXT",
      "PIP",
      "PRE",
      "SEARCH",
      "VOL_UP",
      "VOL_DOWN",
      "MUTE",
      "DUAL",
      "USB_HUB",
      "P_SIZE",
      "SUBTITLE",
      "PROG_UP",
      "PROG_DOWN",
      "REWIND",
      "PAUSE",
      "FORWARD",
      "RECORD",
      "PLAY",
      "STOP",
      "SMART_TV",
      "OK"
    ],
    "key_press": {
      "POWER": "FFE817",
      "SOURCE": "FFC03F",
      "HDMI": "0",
      "ONE": "FF32CD",
      "TWO": "FF708F",
      "THREE": "FFB24D",
      "FOUR": "FFF20D",
      "FIVE": "FF728D",
      "SIX": "FFD02F",
      "SEVEN": "FF52AD",
      "EIGHT": "FF12ED",
      "NINE": "FF50AF",
      "ZERO": "FF50AF",
      "A": "FF2AD5",
      "B": "FF4AB5",
      "C": "FF4AB5",
      "D": "FF08F7",
      "CH_LIST": "FFC837",
      "GUIDE": "FF22DD",
      "TOOLS": "0",
      "INFO": "FF02FD",
      "OPTIONS": "0",
      "MENU": "FFE01F",
      "UP": "FF629D",
      "LEFT": "FFA857",
      "RIGHT": "FFE21D",
      "DOWN": "FF6897",
      "RETURN": "FF807F",
      "EXIT": "FF00FF",
      "TXT": "FFA25D",
      "PIP": "0",
      "PRE": "0",
      "SEARCH": "0",
      "VOL_UP": "FFA857",
      "VOL_DOWN": "FFE21D",
      "MUTE": "FF40BF",
      "DUAL": "0",
      "USB_HUB": "0",
      "P_SIZE": "0",
      "SUBTITLE": "0",
      "PROG_UP": "FF629D",
      "PROG_DOWN": "FF6897",
      "REWIND": "FF0AF5",
      "PAUSE": "FF807F",
      "FORWARD": "FF8877",
      "RECORD": "FF48B7",
      "PLAY": "FF807F",
      "STOP": "FF827D",
      "SMART_TV": "0",
      "OK": "0"
    },
    "key_release": {
      "POWER": "0",
      "SOURCE": "0",
      "HDMI": "0",
      "ONE": "0",
      "TWO": "0",
      "THREE": "0",
      "FOUR": "0",
      "FIVE": "0",
      "SIX": "0",
      "SEVEN": "0",
      "EIGHT": "0",
      "NINE": "0",
      "ZERO": "0",
      "A": "0",
      "B": "0",
      "C": "0",
      "D": "0",
      "CH_LIST": "0",
      "GUIDE": "0",
      "TOOLS": "0",
      "INFO": "0",
      "OPTIONS": "0",
      "MENU": "0",
      "UP": "0",
      "LEFT": "0",
      "RIGHT": "0",
      "DOWN": "0",
      "RETURN": "0",
      "EXIT": "0",
      "TXT": "0",
      "PIP": "0",
      "PRE": "0",
      "SEARCH": "0",
      "VOL_UP": "0",
      "VOL_DOWN": "0",
      "MUTE": "0",
      "DUAL": "0",
      "USB_HUB": "0",
      "P_SIZE": "0",
      "SUBTITLE": "0",
      "PROG_UP": "0",
      "PROG_DOWN": "0",
      "REWIND": "0",
      "PAUSE": "0",
      "FORWARD": "0",
      "RECORD": "0",
      "PLAY": "0",
      "STOP": "0",
      "SMART_TV": "0",
      "OK": "0"
    },
    "key_down": {
      "POWER": "0",
      "SOURCE": "0",
      "HDMI": "0",
      "ONE": "0",
      "TWO": "0",
      "THREE": "0",
      "FOUR": "0",
      "FIVE": "0",
      "SIX": "0",
      "SEVEN": "0",
      "EIGHT": "0",
      "NINE": "0",
      "ZERO": "0",
      "A": "0",
      "B": "0",
      "C": "0",
      "D": "0",
      "CH_LIST": "0",
      "GUIDE": "0",
      "TOOLS": "0",
      "INFO": "0",
      "OPTIONS": "0",
      "MENU": "0",
      "UP": "0",
      "LEFT": "0",
      "RIGHT": "0",
      "DOWN": "0",
      "RETURN": "0",
      "EXIT": "0",
      "TXT": "0",
      "PIP": "0",
      "PRE": "0",
      "SEARCH": "0",
      "VOL_UP": "0",
      "VOL_DOWN": "0",
      "MUTE": "0",
      "DUAL": "0",
      "USB_HUB": "0",
      "P_SIZE": "0",
      "SUBTITLE": "0",
      "PROG_UP": "0",
      "PROG_DOWN": "0",
      "REWIND": "0",
      "PAUSE": "0",
      "FORWARD": "0",
      "RECORD": "0",
      "PLAY": "0",
      "STOP": "0",
      "SMART_TV": "0",
      "OK": "0"
    }
  }
}
