{
  "generic": {
    "device_name": "device name",
    "protocol_id": 1,
    "protocol_name": "NEC",
    "cmd_len": 32
  },
  "keys": {
    "key_set": [
      "POWER",
      "SOURCE",
      "HDMI",
      "ONE",
      "TWO",
      "THREE",
      "FOUR",
      "FIVE",
      "SIX",
      "SEVEN",
      "EIGHT",
      "NINE",
      "ZERO",
      "A",
      "B",
      "C",
      "D",
      "CH_LIST",
      "GUIDE",
      "TOOLS",
      "INFO",
      "OPTIONS",
      "MENU",
      "UP",
      "LEFT",
      "RIGHT",
      "DOWN",
      "RETURN",
      "EXIT",
      "TXT",
      "PIP",
      "PRE",
      "SEARCH",
      "VOL_UP",
      "VOL_DOWN",
      "MUTE",
      "DUAL",
      "USB_HUB",
      "P_SIZE",
      "SUBTITLE",
      "PROG_UP",
      "PROG_DOWN",
      "REWIND",
      "PAUSE",
      "FORWARD",
      "RECORD",
      "PLAY",
      "STOP",
      "SMART_TV",
      "OK"
    ],
    "key_press": {
      "POWER": "E13650AF",
      "SOURCE": "E136C43B",
      "HDMI": "0",
      "ONE": "E13604FB",
      "TWO": "E136847B",
      "THREE": "E13644BB",
      "FOUR": "0",
      "FIVE": "0",
      "SIX": "0",
      "SEVEN": "0",
      "EIGHT": "0",
      "NINE": "0",
      "ZERO": "0",
      "A": "0",
      "B": "0",
      "C": "0",
      "D": "0",
      "CH_LIST": "0",
      "GUIDE": "0",
      "TOOLS": "0",
      "INFO": "0",
      "OPTIONS": "0",
      "MENU": "0",
      "UP": "E1367887",
      "LEFT": "E136A857",
      "RIGHT": "E13628D7",
      "DOWN": "E136F807",
      "RETURN": "0",
      "EXIT": "0",
      "TXT": "0",
      "PIP": "0",
      "PRE": "0",
      "SEARCH": "0",
      "VOL_UP": "0",
      "VOL_DOWN": "0",
      "MUTE": "E136B847",
      "DUAL": "0",
      "USB_HUB": "0",
      "P_SIZE": "0",
      "SUBTITLE": "0",
      "PROG_UP": "0",
      "PROG_DOWN": "0",
      "REWIND": "0",
      "PAUSE": "E136E916",
      "FORWARD": "0",
      "RECORD": "0",
      "PLAY": "E13622DD",
      "STOP": "E1368877",
      "SMART_TV": "0",
      "OK": "0"
    },
    "key_release": {
      "POWER": "0",
      "SOURCE": "0",
      "HDMI": "0",
      "ONE": "0",
      "TWO": "0",
      "THREE": "0",
      "FOUR": "0",
      "FIVE": "0",
      "SIX": "0",
      "SEVEN": "0",
      "EIGHT": "0",
      "NINE": "0",
      "ZERO": "0",
      "A": "0",
      "B": "0",
      "C": "0",
      "D": "0",
      "CH_LIST": "0",
      "GUIDE": "0",
      "TOOLS": "0",
      "INFO": "0",
      "OPTIONS": "0",
      "MENU": "0",
      "UP": "0",
      "LEFT": "0",
      "RIGHT": "0",
      "DOWN": "0",
      "RETURN": "0",
      "EXIT": "0",
      "TXT": "0",
      "PIP": "0",
      "PRE": "0",
      "SEARCH": "0",
      "VOL_UP": "0",
      "VOL_DOWN": "0",
      "MUTE": "0",
      "DUAL": "0",
      "USB_HUB": "0",
      "P_SIZE": "0",
      "SUBTITLE": "0",
      "PROG_UP": "0",
      "PROG_DOWN": "0",
      "REWIND": "0",
      "PAUSE": "0",
      "FORWARD": "0",
      "RECORD": "0",
      "PLAY": "0",
      "STOP": "0",
      "SMART_TV": "0",
      "OK": "0"
    },
    "key_down": {
      "POWER": "0",
      "SOURCE": "0",
      "HDMI": "0",
      "ONE": "0",
      "TWO": "0",
      "THREE": "0",
      "FOUR": "0",
      "FIVE": "0",
      "SIX": "0",
      "SEVEN": "0",
      "EIGHT": "0",
      "NINE": "0",
      "ZERO": "0",
      "A": "0",
      "B": "0",
      "C": "0",
      "D": "0",
      "CH_LIST": "0",
      "GUIDE": "0",
      "TOOLS": "0",
      "INFO": "0",
      "OPTIONS": "0",
      "MENU": "0",
      "UP": "0",
      "LEFT": "0",
      "RIGHT": "0",
      "DOWN": "0",
      "RETURN": "0",
      "EXIT": "0",
      "TXT": "0",
      "PIP": "0",
      "PRE": "0",
      "SEARCH": "0",
      "VOL_UP": "0",
      "VOL_DOWN": "0",
      "MUTE": "0",
      "DUAL": "0",
      "USB_HUB": "0",
      "P_SIZE": "0",
      "SUBTITLE": "0",
      "PROG_UP": "0",
      "PROG_DOWN": "0",
      "REWIND": "0",
      "PAUSE": "0",
      "FORWARD": "0",
      "RECORD": "0",
      "PLAY": "0",
      "STOP": "0",
      "SMART_TV": "0",
      "OK": "0"
    }
  }
}
