{
  "generic": {
    "device_name": "PHILIPS_DVP3350",
    "protocol_id": 4,
    "protocol_name": "RC6",
    "cmd_len": 20
  },
  "keys": {
    "key_set": [
      "POWER",
      "SOURCE",
      "HDMI",
      "ONE",
      "TWO",
      "THREE",
      "FOUR",
      "FIVE",
      "SIX",
      "SEVEN",
      "EIGHT",
      "NINE",
      "ZERO",
      "A",
      "B",
      "C",
      "D",
      "CH_LIST",
      "GUIDE",
      "TOOLS",
      "INFO",
      "OPTIONS",
      "MENU",
      "UP",
      "LEFT",
      "RIGHT",
      "DOWN",
      "RETURN",
      "EXIT",
      "TXT",
      "PIP",
      "PRE",
      "SEARCH",
      "VOL_UP",
      "VOL_DOWN",
      "MUTE",
      "DUAL",
      "USB_HUB",
      "P_SIZE",
      "SUBTITLE",
      "PROG_UP",
      "PROG_DOWN",
      "REWIND",
      "PAUSE",
      "FORWARD",
      "RECORD",
      "PLAY",
      "STOP",
      "SMART_TV",
      "OK"
    ],
    "key_press": {
      "POWER": "104C7",
      "SOURCE": "10482",
      "HDMI": "0",
      "ONE": "10401",
      "TWO": "10402",
      "THREE": "10403",
      "FOUR": "10404",
      "FIVE": "10405",
      "SIX": "10406",
      "SEVEN": "10407",
      "EIGHT": "10408",
      "NINE": "10409",
      "ZERO": "10400",
      "A": "0",
      "B": "0",
      "C": "0",
      "D": "0",
      "CH_LIST": "0",
      "GUIDE": "0",
      "TOOLS": "0",
      "INFO": "1040F",
      "OPTIONS": "",
      "MENU": "104D1",
      "UP": "10458",
      "LEFT": "1045A",
      "RIGHT": "1045B",
      "DOWN": "10459",
      "RETURN": "10483",
      "EXIT": "0",
      "TXT": "0",
      "PIP": "0",
      "PRE": "0",
      "SEARCH": "0",
      "VOL_UP": "10458",
      "VOL_DOWN": "10458",
      "MUTE": "0",
      "DUAL": "0",
      "USB_HUB": "1047E",
      "P_SIZE": "0",
      "SUBTITLE": "1044B",
      "PROG_UP": "0",
      "PROG_DOWN": "0",
      "REWIND": "10421",
      "PAUSE": "1042C",
      "FORWARD": "10420",
      "RECORD": "0",
      "PLAY": "1042C",
      "STOP": "10431",
      "SMART_TV": "0",
      "OK": "1045C"
    },
    "key_release": {
      "POWER": "0",
      "SOURCE": "0",
      "HDMI": "0",
      "ONE": "0",
      "TWO": "0",
      "THREE": "0",
      "FOUR": "0",
      "FIVE": "0",
      "SIX": "0",
      "SEVEN": "0",
      "EIGHT": "0",
      "NINE": "0",
      "ZERO": "0",
      "A": "0",
      "B": "0",
      "C": "0",
      "D": "0",
      "CH_LIST": "0",
      "GUIDE": "0",
      "TOOLS": "0",
      "INFO": "0",
      "OPTIONS": "0",
      "MENU": "0",
      "UP": "0",
      "LEFT": "0",
      "RIGHT": "0",
      "DOWN": "0",
      "RETURN": "0",
      "EXIT": "0",
      "TXT": "0",
      "PIP": "0",
      "PRE": "0",
      "SEARCH": "0",
      "VOL_UP": "0",
      "VOL_DOWN": "0",
      "MUTE": "0",
      "DUAL": "0",
      "USB_HUB": "0",
      "P_SIZE": "0",
      "SUBTITLE": "0",
      "PROG_UP": "0",
      "PROG_DOWN": "0",
      "REWIND": "0",
      "PAUSE": "0",
      "FORWARD": "0",
      "RECORD": "0",
      "PLAY": "0",
      "STOP": "0",
      "SMART_TV": "0",
      "OK": "0"
    },
    "key_down": {
      "POWER": "4C7",
      "SOURCE": "482",
      "HDMI": "0",
      "ONE": "401",
      "TWO": "402",
      "THREE": "403",
      "FOUR": "404",
      "FIVE": "405",
      "SIX": "406",
      "SEVEN": "407",
      "EIGHT": "408",
      "NINE": "409",
      "ZERO": "400",
      "A": "0",
      "B": "0",
      "C": "0",
      "D": "0",
      "CH_LIST": "0",
      "GUIDE": "0",
      "TOOLS": "0",
      "INFO": "40F",
      "OPTIONS": "",
      "MENU": "4D1",
      "UP": "458",
      "LEFT": "45A",
      "RIGHT": "45B",
      "DOWN": "459",
      "RETURN": "483",
      "EXIT": "0",
      "TXT": "0",
      "PIP": "0",
      "PRE": "0",
      "SEARCH": "0",
      "VOL_UP": "458",
      "VOL_DOWN": "458",
      "MUTE": "0",
      "DUAL": "0",
      "USB_HUB": "47E",
      "P_SIZE": "0",
      "SUBTITLE": "44B",
      "PROG_UP": "0",
      "PROG_DOWN": "0",
      "REWIND": "421",
      "PAUSE": "42C",
      "FORWARD": "420",
      "RECORD": "0",
      "PLAY": "42C",
      "STOP": "431",
      "SMART_TV": "0",
      "OK": "45C"
    }
  }
}
