{
  "generic": {
    "device_name": "SAMSUNG BN59-01189A",
    "protocol_id": 7,
    "protocol_name": "NECx",
    "cmd_len": 32
  },
  "keys": {
    "key_set": [
      "POWER",
      "SOURCE",
      "HDMI",
      "ONE",
      "TWO",
      "THREE",
      "FOUR",
      "FIVE",
      "SIX",
      "SEVEN",
      "EIGHT",
      "NINE",
      "ZERO",
      "A",
      "B",
      "C",
      "D",
      "CH_LIST",
      "GUIDE",
      "TOOLS",
      "INFO",
      "OPTIONS",
      "MENU",
      "UP",
      "LEFT",
      "RIGHT",
      "DOWN",
      "RETURN",
      "EXIT",
      "TXT",
      "PIP",
      "PRE",
      "SEARCH",
      "VOL_UP",
      "VOL_DOWN",
      "MUTE",
      "DUAL",
      "USB_HUB",
      "P_SIZE",
      "SUBTITLE",
      "PROG_UP",
      "PROG_DOWN",
      "REWIND",
      "PAUSE",
      "FORWARD",
      "RECORD",
      "PLAY",
      "STOP",
      "SMART_TV",
      "OK"
    ],
    "key_press": {
      "POWER": "E0E040BF",
      "SOURCE": "E0E0807F",
      "HDMI": "0",
      "ONE": "E0E020DF",
      "TWO": "E0E0A05F",
      "THREE": "E0E0609F",
      "FOUR": "E0E010EF",
      "FIVE": "E0E0906F",
      "SIX": "E0E050AF",
      "SEVEN": "E0E030CF",
      "EIGHT": "E0E0B04F",
      "NINE": "E0E0708F",
      "ZERO": "E0E08877",
      "A": "E0E036C9",
      "B": "E0E028D7",
      "C": "E0E0A857",
      "D": "E0E06897",
      "CH_LIST": "E0E0D629",
      "GUIDE": "E0E0F20D",
      "TOOLS": "E0E0D22D",
      "INFO": "E0E0F807",
      "OPTIONS": "0",
      "MENU": "E0E058A7",
      "UP": "E0E006F9",
      "LEFT": "E0E0A659",
      "RIGHT": "E0E046B9",
      "DOWN": "E0E08679",
      "RETURN": "E0E01AE5",
      "EXIT": "E0E0B44B",
      "TXT": "E0E034CB",
      "PIP": "E0E004FB",
      "PRE": "E0E0C837",
      "SEARCH": "0",
      "VOL_UP": "E0E0E01F",
      "VOL_DOWN": "E0E0D02F",
      "MUTE": "E0E0F00F",
      "DUAL": "0",
      "USB_HUB": "0",
      "P_SIZE": "0",
      "SUBTITLE": "E0E0A45B",
      "PROG_UP": "E0E048B7",
      "PROG_DOWN": "E0E008F7",
      "REWIND": "E0E0A25D",
      "PAUSE": "E0E052AD",
      "FORWARD": "E0E012ED",
      "RECORD": "0",
      "PLAY": "E0E0E21D",
      "STOP": "E0E0629D",
      "SMART_TV": "0",
      "OK": "E0E016E9"
    },
    "key_release": {
      "POWER": "0",
      "SOURCE": "0",
      "HDMI": "0",
      "ONE": "0",
      "TWO": "0",
      "THREE": "0",
      "FOUR": "0",
      "FIVE": "0",
      "SIX": "0",
      "SEVEN": "0",
      "EIGHT": "0",
      "NINE": "0",
      "ZERO": "0",
      "A": "0",
      "B": "0",
      "C": "0",
      "D": "0",
      "CH_LIST": "0",
      "GUIDE": "0",
      "TOOLS": "0",
      "INFO": "0",
      "OPTIONS": "0",
      "MENU": "0",
      "UP": "0",
      "LEFT": "0",
      "RIGHT": "0",
      "DOWN": "0",
      "RETURN": "0",
      "EXIT": "0",
      "TXT": "0",
      "PIP": "0",
      "PRE": "0",
      "SEARCH": "0",
      "VOL_UP": "0",
      "VOL_DOWN": "0",
      "MUTE": "0",
      "DUAL": "0",
      "USB_HUB": "0",
      "P_SIZE": "0",
      "SUBTITLE": "0",
      "PROG_UP": "0",
      "PROG_DOWN": "0",
      "REWIND": "0",
      "PAUSE": "0",
      "FORWARD": "0",
      "RECORD": "0",
      "PLAY": "0",
      "STOP": "0",
      "SMART_TV": "0",
      "OK": "0"
    },
    "key_down": {
      "POWER": "0",
      "SOURCE": "0",
      "HDMI": "0",
      "ONE": "0",
      "TWO": "0",
      "THREE": "0",
      "FOUR": "0",
      "FIVE": "0",
      "SIX": "0",
      "SEVEN": "0",
      "EIGHT": "0",
      "NINE": "0",
      "ZERO": "0",
      "A": "0",
      "B": "0",
      "C": "0",
      "D": "0",
      "CH_LIST": "0",
      "GUIDE": "0",
      "TOOLS": "0",
      "INFO": "0",
      "OPTIONS": "0",
      "MENU": "0",
      "UP": "0",
      "LEFT": "0",
      "RIGHT": "0",
      "DOWN": "0",
      "RETURN": "0",
      "EXIT": "0",
      "TXT": "0",
      "PIP": "0",
      "PRE": "0",
      "SEARCH": "0",
      "VOL_UP": "0",
      "VOL_DOWN": "0",
      "MUTE": "0",
      "DUAL": "0",
      "USB_HUB": "0",
      "P_SIZE": "0",
      "SUBTITLE": "0",
      "PROG_UP": "0",
      "PROG_DOWN": "0",
      "REWIND": "0",
      "PAUSE": "0",
      "FORWARD": "0",
      "RECORD": "0",
      "PLAY": "0",
      "STOP": "0",
      "SMART_TV": "0",
      "OK": "0"
    }
  }
}
